stage,profile,samples,ns_median,ns_min,ns_max,bytes_median,allocs_median,snapshot_bytes
before,BenchmarkTask18Lexical/Bulk/N100,3,582505.0,582121.0,584084.0,164498.0,932.0,
before,BenchmarkTask18Lexical/Read/unique0/N100,3,46428.0,46341.0,47570.0,86589.0,536.0,
before,BenchmarkTask18Lexical/Read/common/N100,3,65207.0,65176.0,65517.0,104833.0,575.0,
before,BenchmarkTask18Lexical/Update/N100,3,11463.0,11335.0,11667.0,2067.0,13.0,
before,BenchmarkTask18Lexical/ConcurrentReadUpdate/N100,3,30871.0,30840.0,31893.0,77376.0,483.0,
before,BenchmarkTask18Lexical/Bulk/N1000,3,10432434.0,10391479.0,10462817.0,1528980.0,7561.0,
before,BenchmarkTask18Lexical/Read/unique0/N1000,3,477415.0,453930.0,482649.0,698587.0,3448.0,
before,BenchmarkTask18Lexical/Read/common/N1000,3,719451.0,681814.0,724031.0,858570.0,3499.0,
before,BenchmarkTask18Lexical/Update/N1000,3,26654.0,26468.0,26692.0,1824.0,11.0,
before,BenchmarkTask18Lexical/ConcurrentReadUpdate/N1000,3,254466.0,247896.0,268239.0,625207.0,3108.0,
before,BenchmarkTask18Lexical/Bulk/N10000,3,541683125.0,541285583.0,542720834.0,14506448.0,71358.0,
before,BenchmarkTask18Lexical/Read/unique0/N10000,3,4843051.0,4733097.0,18435741.0,6279036.0,30561.0,
before,BenchmarkTask18Lexical/Read/common/N10000,3,15230236.0,8335410.0,16396410.0,7568046.0,30670.0,
before,BenchmarkTask18Lexical/Update/N10000,3,153259.0,149631.0,1266526.0,1792.0,11.0,
before,BenchmarkTask18Lexical/ConcurrentReadUpdate/N10000,3,6166771.0,2310485.0,6424379.0,5727918.0,27903.0,
before,BenchmarkTask18Filestore/CAS/Artifacts1/History10,3,11312221.0,10957779.0,11484912.0,97533.0,278.0,8435.0
before,BenchmarkTask18Filestore/CAS/Artifacts1/History100,3,12473500.0,12245028.0,12805417.0,986846.0,2055.0,83855.0
before,BenchmarkTask18Filestore/CAS/Artifacts1/History1000,3,27253385.0,27103062.0,33500028.0,12422482.0,18867.0,844354.0
before,BenchmarkTask18Filestore/CAS/Artifacts32/History10,3,13482922.0,12713125.0,13606292.0,1386214.0,1712.0,112724.0
before,BenchmarkTask18Filestore/CAS/Artifacts32/History100,3,33663323.0,33144583.0,38373719.0,18906124.0,18624.0,1132334.0
before,BenchmarkTask18Filestore/CAS/Artifacts32/History1000,3,189120834.0,187685708.0,190994708.0,180977240.0,169947.0,11390534.0
before,BenchmarkTask18ManagedLexical/N100/Scope100,3,1900096.0,1899550.0,1915841.0,1705473.0,11880.0,
before,BenchmarkTask18ManagedLexical/N100/Scope10,3,981355.0,843469.0,1020138.0,748041.0,4434.0,
before,BenchmarkTask18ManagedLexical/N1000/Scope100,3,28726062.0,25093594.0,28916833.0,16741660.0,115804.0,
before,BenchmarkTask18ManagedLexical/N1000/Scope10,3,8476317.0,7973101.0,8488414.0,6761738.0,41678.0,
before,BenchmarkTask18ManagedLexical/N10000/Scope100,3,650655459.0,640226417.0,668891834.0,162427400.0,1152244.0,
before,BenchmarkTask18ManagedLexical/N10000/Scope10,3,78909521.0,73696416.0,103738125.0,64191464.0,413481.0,
before,BenchmarkTask18ManagedGraph/N100/Scope100/Admission,3,684.4,680.1,822.9,80.0,3.0,
before,BenchmarkTask18ManagedGraph/N100/Scope100/FindByIDsFullView,3,1354897.0,1328229.0,1396514.0,767986.0,1916.0,
before,BenchmarkTask18ManagedGraph/N100/Scope100/TraverseDepth4,3,1506045.0,1341054.0,1544647.0,774441.0,1954.0,
before,BenchmarkTask18ManagedGraph/N100/Scope10/Admission,3,823.5,723.6,863.2,80.0,3.0,
before,BenchmarkTask18ManagedGraph/N100/Scope10/FindByIDsFullView,3,2479375.0,1493178.0,2728494.0,670079.0,1532.0,
before,BenchmarkTask18ManagedGraph/N100/Scope10/TraverseDepth4,3,1623218.0,1226670.0,1809915.0,676392.0,1569.0,
before,BenchmarkTask18ManagedGraph/N1000/Scope100/Admission,3,759.2,715.8,1283.0,80.0,3.0,
before,BenchmarkTask18ManagedGraph/N1000/Scope100/FindByIDsFullView,3,59834903.0,52116292.0,64828812.0,7933344.0,18256.0,
before,BenchmarkTask18ManagedGraph/N1000/Scope100/TraverseDepth4,3,58562334.0,42634653.0,71959875.0,7939858.0,18293.0,
before,BenchmarkTask18ManagedGraph/N1000/Scope10/Admission,3,766.9,721.1,792.3,80.0,3.0,
before,BenchmarkTask18ManagedGraph/N1000/Scope10/FindByIDsFullView,3,11359250.0,11144024.0,11598125.0,6705852.0,14610.0,
before,BenchmarkTask18ManagedGraph/N1000/Scope10/TraverseDepth4,3,13714536.0,13330422.0,15005804.0,6712665.0,14649.0,
before,BenchmarkTask18ManagedGraph/N10000/Scope100/Admission,3,685.5,685.2,784.0,80.0,3.0,
before,BenchmarkTask18ManagedGraph/N10000/Scope100/FindByIDsFullView,3,3698430750.0,3597036459.0,3776716750.0,76348192.0,181208.0,
before,BenchmarkTask18ManagedGraph/N10000/Scope100/TraverseDepth4,3,7304716250.0,6840437084.0,9936011333.0,76354656.0,181246.0,
before,BenchmarkTask18ManagedGraph/N10000/Scope10/Admission,3,900.9,852.1,997.9,80.0,3.0,
before,BenchmarkTask18ManagedGraph/N10000/Scope10/FindByIDsFullView,3,370246625.0,340283458.0,901018833.0,65440952.0,144974.0,
before,BenchmarkTask18ManagedGraph/N10000/Scope10/TraverseDepth4,3,301809333.0,287646084.0,758997167.0,65447272.0,145011.0,
before,BenchmarkTask18DenseExactScan/N100,3,9663163.0,5780361.0,16088016.0,1821412.0,9347.0,
before,BenchmarkTask18DenseExactScan/N1000,3,177980042.0,82595854.0,252632917.0,19573312.0,92582.0,
before,BenchmarkTask18DenseExactScan/N10000,3,671120000.0,605114584.0,1088569375.0,196319504.0,922499.0,
before,BenchmarkTask18TensorCandidateMaxSim/N100/Candidates10Pct,3,1690470.0,1641697.0,1703135.0,1061338.0,3882.0,
before,BenchmarkTask18TensorCandidateMaxSim/N100/Candidates100Pct,3,6252125.0,6182607.0,6267098.0,2059122.0,11228.0,
before,BenchmarkTask18TensorCandidateMaxSim/N1000/Candidates10Pct,3,16861000.0,16742798.0,17085833.0,11616661.0,36601.0,
before,BenchmarkTask18TensorCandidateMaxSim/N1000/Candidates100Pct,3,69212667.0,68988458.0,70625729.0,21692916.0,109739.0,
before,BenchmarkTask18TensorCandidateMaxSim/N10000/Candidates10Pct,3,155921667.0,154428500.0,159744291.0,110085392.0,363158.0,
before,BenchmarkTask18TensorCandidateMaxSim/N10000/Candidates100Pct,3,670022417.0,661635209.0,681482666.0,212859072.0,1092760.0,
after,BenchmarkTask18Lexical/Bulk/N100,3,539252.0,538665.0,541722.0,164760.0,932.0,
after,BenchmarkTask18Lexical/Read/unique0/N100,3,1830.0,1827.0,1878.0,2400.0,29.0,
after,BenchmarkTask18Lexical/Read/common/N100,3,39186.0,38306.0,39327.0,53638.0,187.0,
after,BenchmarkTask18Lexical/Update/N100,3,10246.0,10230.0,10287.0,2055.0,13.0,
after,BenchmarkTask18Lexical/ConcurrentReadUpdate/N100,3,3172.0,3170.0,3172.0,2350.0,27.0,
after,BenchmarkTask18Lexical/Bulk/N1000,3,5598526.0,5592885.0,5609407.0,1520626.0,7560.0,
after,BenchmarkTask18Lexical/Read/unique0/N1000,3,2064.0,2043.0,2083.0,2415.0,29.0,
after,BenchmarkTask18Lexical/Read/common/N1000,3,524356.0,511319.0,525964.0,601360.0,1125.0,
after,BenchmarkTask18Lexical/Update/N1000,3,10773.0,10567.0,10939.0,1810.0,11.0,
after,BenchmarkTask18Lexical/ConcurrentReadUpdate/N1000,3,3456.0,3342.0,3485.0,2329.0,27.0,
after,BenchmarkTask18Lexical/Bulk/N10000,3,59106042.0,58823000.0,59380834.0,14394192.0,71339.0,
after,BenchmarkTask18Lexical/Read/unique0/N10000,3,1890.0,1869.0,1921.0,2385.0,29.0,
after,BenchmarkTask18Lexical/Read/common/N10000,3,5898465.0,5738202.0,5958969.0,5083584.0,10330.0,
after,BenchmarkTask18Lexical/Update/N10000,3,11469.0,11383.0,11574.0,1795.0,11.0,
after,BenchmarkTask18Lexical/ConcurrentReadUpdate/N10000,3,3468.0,3375.0,3573.0,2322.0,27.0,
after,BenchmarkTask18Filestore/CAS/Artifacts1/History10,3,11165995.0,11075696.0,14405594.0,116811.0,348.0,8840.0
after,BenchmarkTask18Filestore/CAS/Artifacts1/History100,3,13011312.0,12805269.0,14637542.0,1186934.0,2487.0,87769.0
after,BenchmarkTask18Filestore/CAS/Artifacts1/History1000,3,31967490.0,29743823.0,44422611.0,14605386.0,22918.0,883369.0
after,BenchmarkTask18Filestore/CAS/Artifacts32/History10,3,17459618.0,15979875.0,19944923.0,1459201.0,1833.0,113129.0
after,BenchmarkTask18Filestore/CAS/Artifacts32/History100,3,36380083.0,35559180.0,50460479.0,20736965.0,19656.0,1136249.0
after,BenchmarkTask18Filestore/CAS/Artifacts32/History1000,3,294213250.0,264034542.0,405615125.0,199640560.0,179999.0,11429549.0
after,BenchmarkTask18ManagedLexical/N100/Scope100,3,1465713.0,1455485.0,1506919.0,1379974.0,4366.0,
after,BenchmarkTask18ManagedLexical/N100/Scope10,3,1174643.0,1157104.0,4975650.0,1140964.0,1286.0,
after,BenchmarkTask18ManagedLexical/N1000/Scope100,3,14294393.0,14244354.0,14491470.0,14318298.0,40571.0,
after,BenchmarkTask18ManagedLexical/N1000/Scope10,3,11645412.0,11580167.0,11652408.0,11938503.0,9931.0,
after,BenchmarkTask18ManagedLexical/N10000/Scope100,3,131742375.0,130428667.0,133048250.0,122666696.0,402283.0,
after,BenchmarkTask18ManagedLexical/N10000/Scope10,3,96985292.0,96422770.0,97139771.0,114486168.0,95981.0,
after,BenchmarkTask18ManagedGraph/N100/Scope100/Admission,3,649.1,647.6,657.1,80.0,3.0,
after,BenchmarkTask18ManagedGraph/N100/Scope100/FindByIDsFullView,3,944892.0,937804.0,947901.0,870189.0,2150.0,
after,BenchmarkTask18ManagedGraph/N100/Scope100/TraverseDepth4,3,956468.0,953884.0,959954.0,876959.0,2188.0,
after,BenchmarkTask18ManagedGraph/N100/Scope10/Admission,3,653.8,653.5,655.5,80.0,3.0,
after,BenchmarkTask18ManagedGraph/N100/Scope10/FindByIDsFullView,3,855751.0,846241.0,856328.0,750540.0,1575.0,
after,BenchmarkTask18ManagedGraph/N100/Scope10/TraverseDepth4,3,871877.0,868951.0,877280.0,756685.0,1611.0,
after,BenchmarkTask18ManagedGraph/N1000/Scope100/Admission,3,662.0,659.0,665.8,80.0,3.0,
after,BenchmarkTask18ManagedGraph/N1000/Scope100/FindByIDsFullView,3,9806337.0,9782302.0,9855430.0,9531211.0,20329.0,
after,BenchmarkTask18ManagedGraph/N1000/Scope100/TraverseDepth4,3,9888059.0,9791191.0,9958891.0,9537606.0,20366.0,
after,BenchmarkTask18ManagedGraph/N1000/Scope10/Admission,3,662.6,653.7,667.9,80.0,3.0,
after,BenchmarkTask18ManagedGraph/N1000/Scope10/FindByIDsFullView,3,8651205.0,8583673.0,8671167.0,7914647.0,14863.0,
after,BenchmarkTask18ManagedGraph/N1000/Scope10/TraverseDepth4,3,8641990.0,8568138.0,8727010.0,7920982.0,14900.0,
after,BenchmarkTask18ManagedGraph/N10000/Scope100/Admission,3,673.2,664.2,674.3,80.0,3.0,
after,BenchmarkTask18ManagedGraph/N10000/Scope100/FindByIDsFullView,3,97196270.0,96553979.0,97235396.0,89248692.0,201515.0,
after,BenchmarkTask18ManagedGraph/N10000/Scope100/TraverseDepth4,3,97404146.0,95718042.0,98422542.0,89255036.0,201552.0,
after,BenchmarkTask18ManagedGraph/N10000/Scope10/Admission,3,665.5,663.1,674.7,80.0,3.0,
after,BenchmarkTask18ManagedGraph/N10000/Scope10/FindByIDsFullView,3,81923458.0,81908916.0,82082480.0,75298400.0,147161.0,
after,BenchmarkTask18ManagedGraph/N10000/Scope10/TraverseDepth4,3,84838042.0,83838084.0,85657625.0,75301988.0,147191.0,
after,BenchmarkTask18DenseExactScan/N100,3,4795920.0,4662076.0,4979926.0,1822718.0,9354.0,
after,BenchmarkTask18DenseExactScan/N1000,3,62533312.0,59516208.0,87574770.0,19570960.0,92555.0,
after,BenchmarkTask18DenseExactScan/N10000,3,550107250.0,496764291.0,1697600542.0,196334808.0,922516.0,
after,BenchmarkTask18TensorCandidateMaxSim/N100/Candidates10Pct,3,5230026.0,2014618.0,5436470.0,1061735.0,3883.0,
after,BenchmarkTask18TensorCandidateMaxSim/N100/Candidates100Pct,3,5988229.0,5949938.0,6280406.0,2059436.0,11225.0,
after,BenchmarkTask18TensorCandidateMaxSim/N1000/Candidates10Pct,3,16454893.0,16391929.0,16675250.0,11616738.0,36605.0,
after,BenchmarkTask18TensorCandidateMaxSim/N1000/Candidates100Pct,3,59801542.0,59328062.0,64731896.0,21692160.0,109740.0,
after,BenchmarkTask18TensorCandidateMaxSim/N10000/Candidates10Pct,3,254436500.0,189579750.0,263380916.0,110073376.0,363133.0,
after,BenchmarkTask18TensorCandidateMaxSim/N10000/Candidates100Pct,3,659259083.0,655709709.0,683264375.0,212861208.0,1092770.0,
